pk,scientific_name,observations,phylogenetic_order,authored twin (same genus+epithet),same epithet in another genus,similar epithet same genus
224,Micromelo undatus,1,002,,,
113,Pleurobranchus forskalii,1,101,,,
226,Pleurobranchus grandis,1,101,,"Elysia grandis Bergh, 1872; Scaphander grandis (Minichev, 1967)",
229,Pleurobranchus peronii,1,101,,,
219,Hexabranchus sanguineus,1,201,,,
179,Plocamopherus ceylonicus,1,204,,,
210,Plocamopherus maculapodium,1,204,,,
114,Thecacera picta,2,205,,"Dirona picta MacFarland, 1905; Felimare picta (Philippi, 1836); Polycera picta Risbec, 1928; Thuridilla picta (A. E. Verrill, 1901)",
188,Nembrotha chamberlaini,1,207,,,
137,Nembrotha milleri,1,207,,"Maxacteon milleri Rudman, 1971; Phidiana milleri Rudman, 1980; Punctacteon milleri (Rudman, 1971)",
158,Martadoris limaciformis,1,209,,,
221,Tambja kava,1,210,,,
184,Pelagella felis,1,211,,"Goniodoridella felis (Gosliner, 2010); Goniodoris felis Baba, 1949; Nakamigawaia felis (Er. Marcus & Ev. Marcus, 1970); Okenia felis Gosliner, 2010; Vayssierea felis (Collingwood, 1881)",
136,Ceratodoris nakamotoensis,1,216,,,
230,Trapania euryeia,2,218,,,
205,Trapania miltabrancha,1,218,,,
241,Trapania vitta,1,218,,,
165,Discodoris boholiensis,1,303,,,
185,Taringa halgerda,1,306,,"Reticulidia halgerda Brunckhorst & Burn in Brunckhorst, 1990",
214,Halgerda batangas,1,307,,"Phanerophthalmus batangas Austin, Gosliner & Malaquias, 2018",
243,Jorunna funebris,1,310,,,
154,Jorunna rubescens,1,310,,"Rubramoena rubescens (Picton & G. H. Brown, 1978); Thordisa rubescens Behrens & Henderson, 1981",
225,Cadlinella ornatissima,1,312,,"Yokoyamaia ornatissima (Yokoyama, 1927)","Cadlinella subornatissima Baba, 1996"
191,Chromodoris alcalai,1,313,,,
167,Chromodoris colemani,1,313,,"Melibe colemani Gosliner & Pola, 2012; Phyllodesmium colemani Rudman, 1991",
186,Chromodoris elisabethina,1,313,,,
255,Chromodoris joshi,1,313,,,
196,Goniobranchus albonares,1,314,,,
142,Goniobranchus coi,1,314,,,
202,Goniobranchus preciosus,1,314,,,
110,Goniobranchus reticulatus,1,314,,"Pleurobranchus reticulatus Rang, 1832",
126,Goniobranchus verrieri,1,314,,,
138,Mexichromis multituberculata,1,317,,"Phyllidia multituberculata C. R. Boettger, 1918",
183,Mexichromis trilineata,1,317,,"Coryphella trilineata O'Donoghue, 1921; Orienthella trilineata (O'Donoghue, 1921)",
127,Glossodoris acosti,1,318,,,
227,Glossodoris buko,1,318,,,
128,Doriprismatica atromarginata,1,319,,"Aplysia atromarginata Bergh, 1905",
236,Ardeadoris egretta,1,320,,,
190,Verconia simplex,2,322,,"Acteocina simplex (A. Adams, 1850); Bornella simplex Eliot, 1904; Relichna simplex (Locard, 1897); Tambja simplex Ortea & Moro, 1998",
228,Verconia varians,1,322,,"Chelidonura varians Eliot, 1903; Ercolania varians (Eliot, 1904); Pleurobranchus varians Pease, 1860",
169,Thorunna furtiva,1,324,,,
153,Hypselodoris apolegma,1,325,,,
233,Hypselodoris bullockii,1,325,,,
237,Hypselodoris carnea,1,325,,,
133,Hypselodoris emma,1,325,,,
180,Hypselodoris maculosa,1,325,,"Tayuva maculosa (Bergh, 1884)",
111,Hypselodoris roo,1,325,,,
152,Hypselodoris variobranchia,1,325,,,
112,Miamira alleni,1,328,,,
174,Dendrodoris nigra,1,401,,"Cyerce nigra Bergh, 1871; Alderiopsis nigra (Baba, 1937); Aplysia nigra d'Orbigny, 1837; Aplysiopsis nigra (Baba, 1949); Ercolania nigra (Lemche, 1935); Phyllidiella nigra (van Hasselt, 1824)",
220,Phyllidia picta,2,403,,"Dirona picta MacFarland, 1905; Felimare picta (Philippi, 1836); Polycera picta Risbec, 1928; Thuridilla picta (A. E. Verrill, 1901)",
203,Phyllidia varicosa,1,403,,,
161,Phyllidiella granulata,1,404,,"Berthellina granulata (Krauss, 1848); Geitodoris granulata Lin & Wu, 1994",
176,Phyllidiopsis annae,1,405,,"Chromodoris annae Bergh, 1877",
218,Phyllidiopsis fissurata,1,405,,,
141,Phyllidiopsis krempfi,2,405,,,
116,Phyllidiopsis striata,2,405,,"Bulla striata Bruguière, 1792; Candiella striata (Haefelfinger, 1963); Duvaucelia striata (Haefelfinger, 1963); Gymnodoris striata (Eliot, 1908); Miamira striata (Eliot, 1905); Phyllidiella striata (Bergh, 1889); Platydoris striata (Kelaart, 1858); Retusa striata (Hutton, 1873); Toledonia striata Thiele, 1912",
124,Dermatobranchus pustulosus,1,502,,,
156,Cabangus regius,1,602,,,
208,Melibe viridis,1,607,,"Caliphylla viridis (Deshayes, 1857); Crosslandia viridis Eliot, 1902; Diaphoreolis viridis (Forbes, 1840); Doris viridis (Pease, 1861); Elysia viridis (Montagu, 1804); Ercolania viridis (A. Costa, 1866); Lobiger viridis Pease, 1863; Oxynoe viridis (Pease, 1861); Phyllaplysia viridis (Bergh, 1905); Placida viridis (Trinchese, 1874); Stiliger viridis (Kelaart, 1858); Tenellia viridis (Forbes, 1840); Volvatella viridis Hamatani, 1976",
201,Marionia arborescens,0,610,,"Dendrodoris arborescens (Collingwood, 1881); Doriopsis arborescens Collingwood, 1881; Marioniopsis arborescens (Bergh, 1890)",
150,Coryphellina lotos,1,701,,,
248,Coryphellina pseudolotos,1,701,,,
5409,Flabellina gabinierei,1,701,,"Paraflabellina gabinierei (Vicente, 1975)",
5408,Flabellina ischitana,1,701,,"Paraflabellina ischitana (Hirano & T. E. Thompson, 1990)",
234,Samla bicolor,2,707,,"Atys bicolor Bozzetti, 2009; Ceratosoma bicolor Baba, 1949; Doris bicolor (Bergh, 1884); Gymnodoris bicolor (Alder & Hancock, 1864)",
115,Samla bilas,1,707,,,
155,Samla riwo,1,707,,,
245,Eubranchus mandapamensis,0,709,,"Chromodoris mandapamensis Valdés, Mollo & Ortea, 1999",
134,Fiona Pinnata,1,711,"Fiona pinnata (Eschscholtz, 1831)",,
125,Tenellia minor,1,713,,"Aplysiopsis minor (Baba, 1959); Archidoris minor Eliot, 1904; Berthellina minor (Bergh, 1905); Cratena minor Padula, Araújo, Matthews-Cascon & Schrödl, 2014; Notodoris minor Eliot, 1904; Phestilla minor Rudman, 1981; Philinopsis minor (Tchang-Si, 1934); Sclerodoris minor Eliot, 1904",
189,Unidentia sandramillenae,1,716,,,
211,Phyllodesmium briareum,2,727,,,
206,Phyllodesmium crypticum,1,727,,,
209,Phyllodesmium jakobsenae,2,727,,,
181,Phyllodesmium koehleri,1,727,,"Phyllidia koehleri Perrone, 2000",
187,Phyllodesmium magnum,1,727,,,
168,Phyllodesmium pinnatum,1,727,,,
207,Phyllodesmium rudmani,1,727,,"Aglaona rudmani Chaban, Ekimova, Schepetov & Chernyshev, 2022; Aplysia rudmani Bebbington, 1974; Hypselodoris rudmani Gosliner & R. F. Johnson, 1999; Phanerophthalmus rudmani Austin, Gosliner & Malaquias, 2018; Phyllidiella rudmani Brunckhorst, 1993; Trapania rudmani M. C. Miller, 1981",
159,Phyllodesmium tuberculatum,1,727,,,
175,Pteraeolidia semperi,2,735,,"Armina semperi (Bergh, 1866); Marionia semperi Jensen, 1994",
107,Odontoglaja guamensis,1,907,,"Micromelo guamensis (Quoy & Gaimard, 1825); Phyllidia guamensis (Brunckhorst, 1993)",
172,Philinopsis speciosa,1,910,,"Tenellia speciosa (Macnae, 1954); Thorunna speciosa Rudman, 1990; Trinchesia speciosa (Macnae, 1954)",
177,Tubulophilinopsis pilsbryi,1,911,,"Aplysia pilsbryi (Letson, 1898)",
232,Chelidonura hirundinina,1,916,,,
192,Sagaminopteron nigropunctatum,2,919,,,
240,Sagaminopteron psychedelicum,2,919,,,
164,Siphopteron makisig,1,922,,,
119,Notarchus indicus,1,A20,,"Eubranchus indicus (K. P. Rao, 1968); Plocamopherus indicus Bergh, 1890; Pseudovermis indicus Salvini-Plawen & G. C. Rao, 1973",
235,Stylocheilus striatus,1,A22,,"Dermatobranchus striatus van Hasselt, 1824",
122,Cyerce elegans,0,C05,,"Phyllidia elegans Bergh, 1869; Aplysiopsis elegans Deshayes, 1853; Berthelinia elegans Crosse, 1875; Caloria elegans (Alder & Hancock, 1845); Chelidonura elegans Bergh, 1900; Dendronotus elegans A. E. Verrill, 1880; Doris elegans Quoy & Gaimard, 1832; Halgerda elegans Bergh, 1905; Haminoea elegans (Gray, 1825); Okenia elegans (Leuckart, 1828); Philine elegans Bergh, 1905; Polycera elegans (Bergh, 1894); Tritoniopsis elegans (Audouin, 1826); Vayssierea elegans (Baba, 1930)",
157,Ercolania endophytophaga,0,C11,,,
149,Elysia grandifolia,1,C16,,,
146,Thuridilla albopustulosa,1,C20,,,
215,Thuridilla flavomaculata,1,C20,,"Cadlina flavomaculata MacFarland, 1905",
173,Thuridilla gracilis,1,C20,,"Acteocina gracilis (A. Adams, 1850); Aegires gracilis Ortea, Moro & Espinosa, 2015; Baeolidia gracilis Carmona, Pola, Gosliner & Cervera, 2014; Coryphella gracilis (Alder & Hancock, 1844); Dendronotus gracilis Baba, 1949; Embletonia gracilis Risbec, 1928; Microchlamylla gracilis (Alder & Hancock, 1844); Palio gracilis (Pease, 1971); Roboastra gracilis (Bergh, 1877); Scaphander gracilis R. B. Watson, 1883",
109,Plakobranchus papua,1,C22,,,
249,Chromodoris dianae,0,,,,
26,Coryphellina iurmanovi,1,,,,
33,Cyerce basi,1,,,,
105,Cyerce blackburnae,1,,,,
252,Dendrodoris albobrunnea,0,,,,
246,Marioniopsis elongoviridis,0,,,"Marionia elongoviridis V. G. Smith & Gosliner, 2007",
250,Okenia brunneomaculata,0,,,"Bermudella brunneomaculata (Gosliner, 2004); Halgerda brunneomaculata Carlson & Hoff, 1993",
256,Okenia nakamotoensis,0,,,,
4772,Triopa principis-walliae,0,,,,
